"","factor","maf_class2","prs_bin2","simid","mean_odds","ci_lower","ci_upper"
"1","f1","maf1",1,"f1_1_maf1",1.92809945114103,1.67825128612305,2.21514353912896
"2","f1","maf1_top",1,"f1_1_maf1_top",4.03138491830518,3.22276799315862,5.04288996106415
"3","f1","n1_10",1,"f1_1_n1_10",3.39093755662453,2.89157501557261,3.97653785601331
"4","f1","n1_10_top",1,"f1_1_n1_10_top",9.24384667725841,6.76809588998511,12.6252202660281
"5","f1","maf1",2,"f1_2_maf1",1.98922892647834,1.75587314804606,2.25359771936918
"6","f1","maf1_top",2,"f1_2_maf1_top",3.64331185438621,2.9976629201413,4.42802330412967
"7","f1","n1_10",2,"f1_2_n1_10",2.62530127747677,2.31206895316959,2.98096939888956
"8","f1","n1_10_top",2,"f1_2_n1_10_top",4.7815780037559,3.84192069784146,5.95105677710834
"9","f1","maf1",3,"f1_3_maf1",1.90410113874478,1.68963490222091,2.14578968616448
"10","f1","maf1_top",3,"f1_3_maf1_top",3.22074693384323,2.68501521862405,3.86337132836676
"11","f1","n1_10",3,"f1_3_n1_10",2.23714475332361,1.96638496004045,2.54518659826425
"12","f1","n1_10_top",3,"f1_3_n1_10_top",3.80899139373124,2.99174413927548,4.84948403409664
"13","f1","maf1",4,"f1_4_maf1",1.89159923067704,1.68099194045115,2.12859298334152
"14","f1","maf1_top",4,"f1_4_maf1_top",2.99479086939384,2.46936777643112,3.63201157681217
"15","f1","n1_10",4,"f1_4_n1_10",1.94720955948516,1.67720560126936,2.26067994626346
"16","f1","n1_10_top",4,"f1_4_n1_10_top",3.49003323442509,2.77227278095829,4.3936267964155
"17","f1","maf1",5,"f1_5_maf1",1.72178798389653,1.52948826152187,1.93826519370648
"18","f1","maf1_top",5,"f1_5_maf1_top",2.51756332067543,2.11016362863348,3.00361781788212
"19","f1","n1_10",5,"f1_5_n1_10",2.03402509759868,1.79890375834251,2.29987739948543
"20","f1","n1_10_top",5,"f1_5_n1_10_top",2.65019321533956,2.10853977090169,3.33098961449909
"21","f1","maf1",6,"f1_6_maf1",1.73031994344544,1.56731572518788,1.91027695222425
"22","f1","maf1_top",6,"f1_6_maf1_top",1.90774734397073,1.66535884210097,2.18541484058528
"23","f1","n1_10",6,"f1_6_n1_10",1.7703203833847,1.62386192239789,1.92998814529714
"24","f1","n1_10_top",6,"f1_6_n1_10_top",2.98880315850665,2.54108958311614,3.51539921286239
"25","f1","maf1",11,"f1_11_maf1",1.57671242536577,1.44111986769763,1.72506265996773
"26","f1","maf1_top",11,"f1_11_maf1_top",1.27441317345202,1.12391341727882,1.44506588470163
"27","f1","n1_10",11,"f1_11_n1_10",1.65372762029084,1.50000296071243,1.82320642941524
"28","f1","n1_10_top",11,"f1_11_n1_10_top",1.72397679993856,1.4221277311319,2.08989385528742
"29","f1","maf1",16,"f1_16_maf1",1.53001772996028,1.39834998722212,1.67408322335899
"30","f1","maf1_top",16,"f1_16_maf1_top",0.997005863525675,0.878778844778459,1.13113862243142
"31","f1","n1_10",16,"f1_16_n1_10",1.48058729712681,1.36106077080048,1.61061048223733
"32","f1","n1_10_top",16,"f1_16_n1_10_top",1.36728272936456,1.11598007691833,1.6751751224636
"33","f1","maf1",21,"f1_21_maf1",1.4645852240224,1.33447189970442,1.60738482308984
"34","f1","maf1_top",21,"f1_21_maf1_top",0.830920334602712,0.723208208857784,0.954674731287588
"35","f1","n1_10",21,"f1_21_n1_10",1.4590609056629,1.32664398282078,1.60469481940991
"36","f1","n1_10_top",21,"f1_21_n1_10_top",0.932241241099971,0.783196297238332,1.10964994940872
"37","f1","maf1",26,"f1_26_maf1",1.48729194316235,1.36048202562862,1.62592175605816
"38","f1","maf1_top",26,"f1_26_maf1_top",0.761110421113406,0.655585695308896,0.883620672739784
"39","f1","n1_10",26,"f1_26_n1_10",1.49322988036206,1.37399796880869,1.62280842200906
"40","f1","n1_10_top",26,"f1_26_n1_10_top",0.940073428895777,0.787669639084515,1.12196536195429
"41","f1","maf1",31,"f1_31_maf1",1.40367930508022,1.28432874816544,1.53412091283088
"42","f1","maf1_top",31,"f1_31_maf1_top",0.647618446414177,0.554757816021135,0.756022970787552
"43","f1","n1_10",31,"f1_31_n1_10",1.36968477494484,1.24355092925436,1.50861242477667
"44","f1","n1_10_top",31,"f1_31_n1_10_top",0.798409519729244,0.643366790897722,0.990815457392205
"45","f1","maf1",36,"f1_36_maf1",1.39019087545807,1.26868374143238,1.52333525455673
"46","f1","maf1_top",36,"f1_36_maf1_top",0.620856293347386,0.543046725720378,0.709814678428859
"47","f1","n1_10",36,"f1_36_n1_10",1.40568766834363,1.2780303624108,1.54609614845613
"48","f1","n1_10_top",36,"f1_36_n1_10_top",0.809183493670956,0.6761805813241,0.968347723247752
"49","f1","maf1",41,"f1_41_maf1",1.32576408022344,1.21246257041618,1.44965332480934
"50","f1","maf1_top",41,"f1_41_maf1_top",0.545830856883737,0.469691733486669,0.634312471532759
"51","f1","n1_10",41,"f1_41_n1_10",1.39891950385445,1.27778319566351,1.53153976739238
"52","f1","n1_10_top",41,"f1_41_n1_10_top",0.800933064470928,0.658583592417018,0.974050646188276
"53","f1","maf1",46,"f1_46_maf1",1.32391098834297,1.21234706106964,1.44574137335628
"54","f1","maf1_top",46,"f1_46_maf1_top",0.534681381655253,0.456184937371648,0.626684829919898
"55","f1","n1_10",46,"f1_46_n1_10",1.41524219863749,1.28868091617308,1.5542330577473
"56","f1","n1_10_top",46,"f1_46_n1_10_top",0.832748867310127,0.659506075023645,1.05150005779922
"57","f1","maf1",51,"f1_51_maf1",1.34624358498033,1.22547051651837,1.47891912997609
"58","f1","maf1_top",51,"f1_51_maf1_top",0.529030445996729,0.447455960435557,0.625476555321931
"59","f1","n1_10",51,"f1_51_n1_10",1.38215039778364,1.26658741569705,1.5082573049584
"60","f1","n1_10_top",51,"f1_51_n1_10_top",0.81441671674665,0.646371223048543,1.02615117267772
"61","f1","maf1",56,"f1_56_maf1",1.34974108672078,1.22821288855272,1.48329415703245
"62","f1","maf1_top",56,"f1_56_maf1_top",0.555669376060439,0.469482829087171,0.657677845410757
"63","f1","n1_10",56,"f1_56_n1_10",1.45481004286313,1.32921476442654,1.59227260895537
"64","f1","n1_10_top",56,"f1_56_n1_10_top",0.783304054732713,0.651125544096556,0.942314808140475
"65","f1","maf1",61,"f1_61_maf1",1.36397407335105,1.25428166806335,1.48325955815524
"66","f1","maf1_top",61,"f1_61_maf1_top",0.584572061420248,0.495331708251067,0.689890207513042
"67","f1","n1_10",61,"f1_61_n1_10",1.4454489343819,1.31578636277471,1.58788894688029
"68","f1","n1_10_top",61,"f1_61_n1_10_top",1.0388185625906,0.845780950829601,1.27591429545002
"69","f1","maf1",66,"f1_66_maf1",1.40720149151845,1.28199591843798,1.54463521236831
"70","f1","maf1_top",66,"f1_66_maf1_top",0.705700426139882,0.612044211412758,0.813688099924131
"71","f1","n1_10",66,"f1_66_n1_10",1.4482747548766,1.3158728686601,1.59399879393263
"72","f1","n1_10_top",66,"f1_66_n1_10_top",0.940488796475612,0.795972296620491,1.11124367022772
"73","f1","maf1",71,"f1_71_maf1",1.40773052532707,1.28722641761848,1.53951566314495
"74","f1","maf1_top",71,"f1_71_maf1_top",0.737943735383913,0.640152604455598,0.850673656253374
"75","f1","n1_10",71,"f1_71_n1_10",1.44934719121685,1.31292039905193,1.59995021952971
"76","f1","n1_10_top",71,"f1_71_n1_10_top",0.950932876185678,0.767661642368868,1.1779582111467
"77","f1","maf1",76,"f1_76_maf1",1.46749808389281,1.34095719120113,1.60598014639087
"78","f1","maf1_top",76,"f1_76_maf1_top",0.837510068163646,0.721341561017264,0.972386941473747
"79","f1","n1_10",76,"f1_76_n1_10",1.52546069956813,1.38253079866054,1.68316709340684
"80","f1","n1_10_top",76,"f1_76_n1_10_top",1.06065771059391,0.867406006466229,1.29696447875142
"81","f1","maf1",81,"f1_81_maf1",1.47314952590609,1.34433510260992,1.61430696964182
"82","f1","maf1_top",81,"f1_81_maf1_top",0.994872488741343,0.854745889112149,1.15797137074564
"83","f1","n1_10",81,"f1_81_n1_10",1.52589546037239,1.38480310437948,1.68136318341689
"84","f1","n1_10_top",81,"f1_81_n1_10_top",1.24609569398258,1.02985526418732,1.50774048796772
"85","f1","maf1",86,"f1_86_maf1",1.59870462149838,1.4610830292975,1.74928899696353
"86","f1","maf1_top",86,"f1_86_maf1_top",1.31999234187253,1.14653172988005,1.51969608619938
"87","f1","n1_10",86,"f1_86_n1_10",1.62248391580169,1.48376480584187,1.77417205656228
"88","f1","n1_10_top",86,"f1_86_n1_10_top",1.79228682835238,1.47316669991489,2.18053535643387
"89","f1","maf1",91,"f1_91_maf1",1.66151293729605,1.51103560670388,1.82697563747296
"90","f1","maf1_top",91,"f1_91_maf1_top",1.80801122333686,1.57050298411032,2.08143799584301
"91","f1","n1_10",91,"f1_91_n1_10",1.73369064045601,1.57161511054997,1.91248049005646
"92","f1","n1_10_top",91,"f1_91_n1_10_top",2.69952307492089,2.24491271419859,3.24619517985663
"93","f1","maf1",96,"f1_96_maf1",1.81578451594097,1.63766870057296,2.0132725301384
"94","f1","maf1_top",96,"f1_96_maf1_top",2.53225998634088,2.14663287464512,2.9871622270218
"95","f1","n1_10",96,"f1_96_n1_10",1.95293934495019,1.68900427334655,2.25811867100701
"96","f1","n1_10_top",96,"f1_96_n1_10_top",2.52057491165335,1.91397298451389,3.31942923785304
"97","f1","maf1",97,"f1_97_maf1",1.95902641133674,1.73881779647843,2.20712284408835
"98","f1","maf1_top",97,"f1_97_maf1_top",3.01216540800625,2.49708829218743,3.63348804028128
"99","f1","n1_10",97,"f1_97_n1_10",2.07091994324739,1.76943567184056,2.42377243750189
"100","f1","n1_10_top",97,"f1_97_n1_10_top",3.01173581622176,2.45531492626829,3.69425222388838
"101","f1","maf1",98,"f1_98_maf1",1.99452117889629,1.77399248817342,2.24246424919301
"102","f1","maf1_top",98,"f1_98_maf1_top",3.52575499570778,2.95483455838211,4.20698622685827
"103","f1","n1_10",98,"f1_98_n1_10",2.33986400003614,2.03314803761367,2.69285041589552
"104","f1","n1_10_top",98,"f1_98_n1_10_top",3.79266072283829,2.85129195684654,5.04482724893206
"105","f1","maf1",99,"f1_99_maf1",1.92851345397907,1.69780609362618,2.19057061706904
"106","f1","maf1_top",99,"f1_99_maf1_top",4.038217101353,3.27634464075979,4.97725335570256
"107","f1","n1_10",99,"f1_99_n1_10",2.64184058282394,2.25395372511541,3.09647957155738
"108","f1","n1_10_top",99,"f1_99_n1_10_top",4.73282763801059,3.51217669685346,6.37771370420645
"109","f1","maf1",100,"f1_100_maf1",1.96596831605843,1.70316549091874,2.26932229448865
"110","f1","maf1_top",100,"f1_100_maf1_top",4.28596600406842,3.34647266441914,5.48921399637929
"111","f1","n1_10",100,"f1_100_n1_10",3.61220695062377,2.97719680553173,4.38265922826833
"112","f1","n1_10_top",100,"f1_100_n1_10_top",9.33429626175679,7.04742912167956,12.3632441274531
"113","f10","maf1",1,"f10_1_maf1",2.21869717067012,1.91731011030827,2.56746006223694
"114","f10","maf1_top",1,"f10_1_maf1_top",5.71344498751994,4.55097170660015,7.17285356401464
"115","f10","n1_10",1,"f10_1_n1_10",6.3934676899036,5.26069084337653,7.77016371401235
"116","f10","n1_10_top",1,"f10_1_n1_10_top",18.89227573999,14.6996512988145,24.2807176429144
"117","f10","maf1",2,"f10_2_maf1",2.35459640437701,2.07663149477459,2.66976795905088
"118","f10","maf1_top",2,"f10_2_maf1_top",5.18228466877481,4.21152591371841,6.37680378523585
"119","f10","n1_10",2,"f10_2_n1_10",3.40351432494103,2.94226084787225,3.93707776401128
"120","f10","n1_10_top",2,"f10_2_n1_10_top",8.19476042828115,6.42450180958322,10.4528102672103
"121","f10","maf1",3,"f10_3_maf1",2.34866764368036,2.07841698104313,2.65405823315711
"122","f10","maf1_top",3,"f10_3_maf1_top",4.45854483499844,3.68383334224589,5.39617843666403
"123","f10","n1_10",3,"f10_3_n1_10",3.14644959637129,2.69462366487676,3.67403626396854
"124","f10","n1_10_top",3,"f10_3_n1_10_top",5.88795476916789,4.54469376556827,7.62823925044638
"125","f10","maf1",4,"f10_4_maf1",2.24864299886807,2.0022083358154,2.52540919239515
"126","f10","maf1_top",4,"f10_4_maf1_top",3.38473167763004,2.87295650977764,3.98767210382832
"127","f10","n1_10",4,"f10_4_n1_10",2.6623912392325,2.31890054498496,3.05676201856597
"128","f10","n1_10_top",4,"f10_4_n1_10_top",3.63506820155252,2.77752035821101,4.75738037018356
"129","f10","maf1",5,"f10_5_maf1",2.17245585526134,1.92872941612735,2.44698110766392
"130","f10","maf1_top",5,"f10_5_maf1_top",2.83847362179567,2.32147149436239,3.47061444484492
"131","f10","n1_10",5,"f10_5_n1_10",2.45061308154699,2.09257808424906,2.86990699207499
"132","f10","n1_10_top",5,"f10_5_n1_10_top",3.17615218229999,2.39559040242598,4.21104654406407
"133","f10","maf1",6,"f10_6_maf1",1.99507159859593,1.78814958881819,2.22593831545981
"134","f10","maf1_top",6,"f10_6_maf1_top",1.70472606668725,1.44614906593568,2.00953762713439
"135","f10","n1_10",6,"f10_6_n1_10",2.18577320308887,1.95031268099614,2.4496607861367
"136","f10","n1_10_top",6,"f10_6_n1_10_top",2.96413380065786,2.3899625982332,3.67624547543029
"137","f10","maf1",11,"f10_11_maf1",1.8461780034444,1.65781804669805,2.0559392673946
"138","f10","maf1_top",11,"f10_11_maf1_top",0.988089788294454,0.810335726919448,1.20483572092192
"139","f10","n1_10",11,"f10_11_n1_10",1.84532150701544,1.65848658053756,2.05320411043062
"140","f10","n1_10_top",11,"f10_11_n1_10_top",1.67009914313193,1.30637847249399,2.13508658219476
"141","f10","maf1",16,"f10_16_maf1",1.73605233585132,1.55102485909771,1.94315242282326
"142","f10","maf1_top",16,"f10_16_maf1_top",0.65750197426413,0.529640251274048,0.816231102378098
"143","f10","n1_10",16,"f10_16_n1_10",1.74672915895944,1.56606788215711,1.9482314844211
"144","f10","n1_10_top",16,"f10_16_n1_10_top",1.05859384095304,0.84615490158317,1.32436852638568
"145","f10","maf1",21,"f10_21_maf1",1.62129342569452,1.44849068171693,1.81471127524587
"146","f10","maf1_top",21,"f10_21_maf1_top",0.480943778784923,0.390312836553246,0.592619295830836
"147","f10","n1_10",21,"f10_21_n1_10",1.71265257972002,1.5280287303053,1.9195835789263
"148","f10","n1_10_top",21,"f10_21_n1_10_top",1.21811594974565,0.975461212501778,1.52113323216534
"149","f10","maf1",26,"f10_26_maf1",1.58111928037668,1.41844841172814,1.76244561177457
"150","f10","maf1_top",26,"f10_26_maf1_top",0.452496322556907,0.373235737681084,0.548588736972658
"151","f10","n1_10",26,"f10_26_n1_10",1.62421046514863,1.47952175058342,1.78304890351091
"152","f10","n1_10_top",26,"f10_26_n1_10_top",0.815351880478932,0.643514267693929,1.03307529044053
"153","f10","maf1",31,"f10_31_maf1",1.51218883833229,1.35394484277894,1.68892779862682
"154","f10","maf1_top",31,"f10_31_maf1_top",0.323352002996146,0.254937891991269,0.410125450653686
"155","f10","n1_10",31,"f10_31_n1_10",1.5465354648932,1.38323354105043,1.72911650360656
"156","f10","n1_10_top",31,"f10_31_n1_10_top",0.758925733163837,0.590736741183654,0.97499990825728
"157","f10","maf1",36,"f10_36_maf1",1.5073560118604,1.35405243705616,1.67801636355495
"158","f10","maf1_top",36,"f10_36_maf1_top",0.318575746540777,0.258054921460279,0.393290334126161
"159","f10","n1_10",36,"f10_36_n1_10",1.59476943634919,1.43294700445116,1.7748664446161
"160","f10","n1_10_top",36,"f10_36_n1_10_top",0.863124536898848,0.661619461301314,1.12600068433835
"161","f10","maf1",41,"f10_41_maf1",1.50438587238662,1.35354290915649,1.67203923697317
"162","f10","maf1_top",41,"f10_41_maf1_top",0.298416518105542,0.242414721532175,0.367355652805995
"163","f10","n1_10",41,"f10_41_n1_10",1.57390532934938,1.41680251655766,1.74842856135876
"164","f10","n1_10_top",41,"f10_41_n1_10_top",0.724722187428387,0.577635794442591,0.909261950184055
"165","f10","maf1",46,"f10_46_maf1",1.49004211579439,1.33531001084188,1.66270415769685
"166","f10","maf1_top",46,"f10_46_maf1_top",0.311942868779573,0.254514629572707,0.382329116191852
"167","f10","n1_10",46,"f10_46_n1_10",1.53841035117393,1.39065942190623,1.70185911181256
"168","f10","n1_10_top",46,"f10_46_n1_10_top",0.701699819897273,0.560707491276949,0.878145280567802
"169","f10","maf1",51,"f10_51_maf1",1.53682471232307,1.38038397301584,1.71099508729212
"170","f10","maf1_top",51,"f10_51_maf1_top",0.28633949935478,0.228355256432477,0.359047171375229
"171","f10","n1_10",51,"f10_51_n1_10",1.5645847479431,1.4089143030434,1.7374551654479
"172","f10","n1_10_top",51,"f10_51_n1_10_top",0.829837237669768,0.663152426525158,1.03841864023891
"173","f10","maf1",56,"f10_56_maf1",1.49934389040968,1.3401749011429,1.67741695490023
"174","f10","maf1_top",56,"f10_56_maf1_top",0.288438249579869,0.231784035239377,0.358940268404494
"175","f10","n1_10",56,"f10_56_n1_10",1.51647326792045,1.36522685185964,1.68447549151617
"176","f10","n1_10_top",56,"f10_56_n1_10_top",0.841047916456845,0.632522947505428,1.11831768407158
"177","f10","maf1",61,"f10_61_maf1",1.53649398549593,1.37417948933761,1.71798064647518
"178","f10","maf1_top",61,"f10_61_maf1_top",0.346024557215071,0.282451119442131,0.423906955767675
"179","f10","n1_10",61,"f10_61_n1_10",1.55597729902075,1.40368182105152,1.72479640240282
"180","f10","n1_10_top",61,"f10_61_n1_10_top",0.743688241147535,0.57705866161773,0.958433235315501
"181","f10","maf1",66,"f10_66_maf1",1.55183993597693,1.39032116559289,1.73212294143988
"182","f10","maf1_top",66,"f10_66_maf1_top",0.336143880489358,0.269105769947124,0.419882146758299
"183","f10","n1_10",66,"f10_66_n1_10",1.59599700147254,1.43062558364597,1.78048432645652
"184","f10","n1_10_top",66,"f10_66_n1_10_top",0.8485646896387,0.641479365756757,1.12250225173208
"185","f10","maf1",71,"f10_71_maf1",1.63150457335358,1.45661906307233,1.82738729730704
"186","f10","maf1_top",71,"f10_71_maf1_top",0.379963118994985,0.303461805152741,0.475750059298996
"187","f10","n1_10",71,"f10_71_n1_10",1.59477818225519,1.4253379776428,1.78436096595367
"188","f10","n1_10_top",71,"f10_71_n1_10_top",0.98248745555299,0.774229402341702,1.24676432772953
"189","f10","maf1",76,"f10_76_maf1",1.68566786046258,1.507671850554,1.88467811132269
"190","f10","maf1_top",76,"f10_76_maf1_top",0.464725124520125,0.370720106056855,0.582567381244554
"191","f10","n1_10",76,"f10_76_n1_10",1.67871019096561,1.50949286216509,1.86689713869186
"192","f10","n1_10_top",76,"f10_76_n1_10_top",0.907060226661973,0.709635215280024,1.15941012660626
"193","f10","maf1",81,"f10_81_maf1",1.80127468439371,1.62429548482361,1.99753709774673
"194","f10","maf1_top",81,"f10_81_maf1_top",0.69773084323456,0.567365049330065,0.858051320178514
"195","f10","n1_10",81,"f10_81_n1_10",1.72358401858654,1.55214873041845,1.91395438523862
"196","f10","n1_10_top",81,"f10_81_n1_10_top",1.16774398407337,0.944565394782381,1.44365442548709
"197","f10","maf1",86,"f10_86_maf1",1.89714930665246,1.71243207516009,2.10179168209953
"198","f10","maf1_top",86,"f10_86_maf1_top",1.01873347947003,0.840990902154316,1.2340417708855
"199","f10","n1_10",86,"f10_86_n1_10",1.72441839809949,1.54686112112264,1.92235668160429
"200","f10","n1_10_top",86,"f10_86_n1_10_top",1.45693280573585,1.16910563386538,1.8156213937754
"201","f10","maf1",91,"f10_91_maf1",2.16592685019758,1.94270260826669,2.41480044369345
"202","f10","maf1_top",91,"f10_91_maf1_top",1.85022212812526,1.53499543422229,2.23018378236337
"203","f10","n1_10",91,"f10_91_n1_10",2.20043522028187,1.97971678260915,2.44576153578673
"204","f10","n1_10_top",91,"f10_91_n1_10_top",3.07298960813295,2.5145698099694,3.75541975182149
"205","f10","maf1",96,"f10_96_maf1",2.31727155782692,2.06703067149918,2.59780735078256
"206","f10","maf1_top",96,"f10_96_maf1_top",2.80954255745194,2.290364807912,3.44640703300436
"207","f10","n1_10",96,"f10_96_n1_10",2.27968778685276,1.9802223127309,2.62444088833569
"208","f10","n1_10_top",96,"f10_96_n1_10_top",2.52078015004183,2.01326479169729,3.1562328964626
"209","f10","maf1",97,"f10_97_maf1",2.42373595808755,2.14978956666507,2.73259117339542
"210","f10","maf1_top",97,"f10_97_maf1_top",3.4975107788918,2.82120423784961,4.33594331255801
"211","f10","n1_10",97,"f10_97_n1_10",2.7014251769956,2.3145674703462,3.15294243110319
"212","f10","n1_10_top",97,"f10_97_n1_10_top",4.12652558869132,3.24042734303269,5.2549283262706
"213","f10","maf1",98,"f10_98_maf1",2.60299035369856,2.28507612624323,2.96513481701246
"214","f10","maf1_top",98,"f10_98_maf1_top",4.72799728291065,3.91259927823272,5.71332679826786
"215","f10","n1_10",98,"f10_98_n1_10",3.03842962524107,2.56367718482531,3.60109870391957
"216","f10","n1_10_top",98,"f10_98_n1_10_top",5.55823819241143,4.35822267551544,7.088672172981
"217","f10","maf1",99,"f10_99_maf1",2.64770820371834,2.334354701756,3.00312490075477
"218","f10","maf1_top",99,"f10_99_maf1_top",6.04473112901194,4.9198728284071,7.42677213343258
"219","f10","n1_10",99,"f10_99_n1_10",3.43630706091419,3.00463974426174,3.9299906883812
"220","f10","n1_10_top",99,"f10_99_n1_10_top",8.09582301214107,6.48828652333618,10.10164239945
"221","f10","maf1",100,"f10_100_maf1",2.49951984478028,2.16307617679964,2.88829377414437
"222","f10","maf1_top",100,"f10_100_maf1_top",6.98418157683484,5.63435928695542,8.65738051372249
"223","f10","n1_10",100,"f10_100_n1_10",6.30864467148173,5.43018807600196,7.32921162839674
"224","f10","n1_10_top",100,"f10_100_n1_10_top",20.645070108466,16.4099014179546,25.9732772871589
"225","f100","maf1",1,"f100_1_maf1",2.87006035516613,2.45384452453131,3.35687381981532
"226","f100","maf1_top",1,"f100_1_maf1_top",8.31157821882508,6.63918966882229,10.4052355684398
"227","f100","n1_10",1,"f100_1_n1_10",7.58667261882602,6.41321308320541,8.97484625545552
"228","f100","n1_10_top",1,"f100_1_n1_10_top",26.7997497930048,20.5355596822653,34.9747754665742
"229","f100","maf1",2,"f100_2_maf1",3.03418723121825,2.64720203373562,3.47774443988936
"230","f100","maf1_top",2,"f100_2_maf1_top",7.38940345080617,6.08398583337114,8.97491954357994
"231","f100","n1_10",2,"f100_2_n1_10",4.67036996003243,4.02803930909361,5.41512976656664
"232","f100","n1_10_top",2,"f100_2_n1_10_top",10.2543359338573,8.13729263528554,12.9221609885862
"233","f100","maf1",3,"f100_3_maf1",3.0695939455884,2.68526793528614,3.50892619204829
"234","f100","maf1_top",3,"f100_3_maf1_top",5.4695454222876,4.39904645517245,6.80054812589936
"235","f100","n1_10",3,"f100_3_n1_10",3.75291040816063,3.20205620961907,4.39852882325134
"236","f100","n1_10_top",3,"f100_3_n1_10_top",7.18013552075259,5.41198753293299,9.52595433427275
"237","f100","maf1",4,"f100_4_maf1",2.85690143497705,2.51336478425379,3.2473940354015
"238","f100","maf1_top",4,"f100_4_maf1_top",4.1190054484875,3.41986741421598,4.96107124333045
"239","f100","n1_10",4,"f100_4_n1_10",3.21456899176771,2.73798740490641,3.77410567496299
"240","f100","n1_10_top",4,"f100_4_n1_10_top",4.96911288864976,3.7974989565489,6.50219609871464
"241","f100","maf1",5,"f100_5_maf1",2.68393177053495,2.36339961807547,3.04793556442762
"242","f100","maf1_top",5,"f100_5_maf1_top",3.22699525415478,2.66271516516837,3.91085704793326
"243","f100","n1_10",5,"f100_5_n1_10",2.89946511895672,2.45440004828168,3.42523541829799
"244","f100","n1_10_top",5,"f100_5_n1_10_top",4.04385433697278,2.88716426516627,5.66395133659351
"245","f100","maf1",6,"f100_6_maf1",2.41939460141086,2.13983594964022,2.73547616503975
"246","f100","maf1_top",6,"f100_6_maf1_top",1.84492771439876,1.54743489282434,2.19961323551661
"247","f100","n1_10",6,"f100_6_n1_10",2.43729883984819,2.1698855284703,2.73766775103254
"248","f100","n1_10_top",6,"f100_6_n1_10_top",2.85617419245947,2.36956018260471,3.44271948759041
"249","f100","maf1",11,"f100_11_maf1",2.13079745654993,1.90664256423233,2.38130517277511
"250","f100","maf1_top",11,"f100_11_maf1_top",1.00664541577043,0.844221864326346,1.20031834747637
"251","f100","n1_10",11,"f100_11_n1_10",2.22805917817405,1.99527097545488,2.48800677327244
"252","f100","n1_10_top",11,"f100_11_n1_10_top",1.8665481864938,1.50026035630316,2.3222650107801
"253","f100","maf1",16,"f100_16_maf1",1.95591106107781,1.75140509934407,2.18429652870102
"254","f100","maf1_top",16,"f100_16_maf1_top",0.636013971415692,0.519905412548317,0.778052626636903
"255","f100","n1_10",16,"f100_16_n1_10",2.17015691029185,1.93867383244721,2.42927971506301
"256","f100","n1_10_top",16,"f100_16_n1_10_top",1.22756098281372,0.958248090254617,1.57256349566653
"257","f100","maf1",21,"f100_21_maf1",1.88422674003988,1.68382274308952,2.10848227490212
"258","f100","maf1_top",21,"f100_21_maf1_top",0.492854898409793,0.394882486889787,0.615134777942997
"259","f100","n1_10",21,"f100_21_n1_10",1.97050002059045,1.75876016135175,2.20773156935887
"260","f100","n1_10_top",21,"f100_21_n1_10_top",1.3068699962078,1.04007025821889,1.64210943779218
"261","f100","maf1",26,"f100_26_maf1",1.84292823406573,1.63375856351284,2.07887784141976
"262","f100","maf1_top",26,"f100_26_maf1_top",0.364453157864704,0.285080915599803,0.465924223647494
"263","f100","n1_10",26,"f100_26_n1_10",1.97681034087463,1.76640318029221,2.21228039407314
"264","f100","n1_10_top",26,"f100_26_n1_10_top",0.989214968956995,0.770120774524186,1.27063999203654
"265","f100","maf1",31,"f100_31_maf1",1.82105540897457,1.63424194392781,2.02922389483232
"266","f100","maf1_top",31,"f100_31_maf1_top",0.373185031114435,0.303663474518548,0.458623045358639
"267","f100","n1_10",31,"f100_31_n1_10",1.9432512530338,1.72011598404856,2.19533186566262
"268","f100","n1_10_top",31,"f100_31_n1_10_top",1.21937573350525,0.915746450734555,1.62367779669666
"269","f100","maf1",36,"f100_36_maf1",1.79815672528008,1.61605539903554,2.00077770267012
"270","f100","maf1_top",36,"f100_36_maf1_top",0.328937818647162,0.264671135567884,0.408809552670701
"271","f100","n1_10",36,"f100_36_n1_10",1.90280241981832,1.69097106202,2.14117031934379
"272","f100","n1_10_top",36,"f100_36_n1_10_top",1.06258281320653,0.784897363705264,1.43850939897652
"273","f100","maf1",41,"f100_41_maf1",1.80168624272085,1.61842629478821,2.00569734170957
"274","f100","maf1_top",41,"f100_41_maf1_top",0.317633833973834,0.253639456849499,0.397774280619056
"275","f100","n1_10",41,"f100_41_n1_10",1.84364635346664,1.64690366520411,2.06389235051558
"276","f100","n1_10_top",41,"f100_41_n1_10_top",0.917020730876106,0.684927227333144,1.22776112161698
"277","f100","maf1",46,"f100_46_maf1",1.75905130638421,1.57385597521098,1.9660385367074
"278","f100","maf1_top",46,"f100_46_maf1_top",0.315893305707246,0.258135010997097,0.386575149977522
"279","f100","n1_10",46,"f100_46_n1_10",1.86393355727282,1.66305228058625,2.08907942731842
"280","f100","n1_10_top",46,"f100_46_n1_10_top",0.849900278876312,0.641283387688088,1.12638265375645
"281","f100","maf1",51,"f100_51_maf1",1.7458572075974,1.56854846984881,1.94320892717684
"282","f100","maf1_top",51,"f100_51_maf1_top",0.310739790673955,0.250589930818163,0.385327603518755
"283","f100","n1_10",51,"f100_51_n1_10",1.85193314516672,1.64716076683816,2.08216249634853
"284","f100","n1_10_top",51,"f100_51_n1_10_top",0.827494194324048,0.614824868537726,1.11372632546334
"285","f100","maf1",56,"f100_56_maf1",1.75110813523219,1.57812759991718,1.94304928285727
"286","f100","maf1_top",56,"f100_56_maf1_top",0.316519542478138,0.250515988738023,0.399913080499377
"287","f100","n1_10",56,"f100_56_n1_10",1.78809165163603,1.59432313877679,2.00541011849297
"288","f100","n1_10_top",56,"f100_56_n1_10_top",0.776988694898882,0.601805523939068,1.00316698332897
"289","f100","maf1",61,"f100_61_maf1",1.78543396523389,1.61091880454468,1.97885482199199
"290","f100","maf1_top",61,"f100_61_maf1_top",0.330177500280988,0.257301691897071,0.423693994734448
"291","f100","n1_10",61,"f100_61_n1_10",1.91901492332237,1.71737189126517,2.14433361502208
"292","f100","n1_10_top",61,"f100_61_n1_10_top",0.795772612046038,0.62654470964916,1.01070847830982
"293","f100","maf1",66,"f100_66_maf1",1.8323657329453,1.64494763920307,2.04113741936419
"294","f100","maf1_top",66,"f100_66_maf1_top",0.384687356882043,0.306222402078248,0.483257794140999
"295","f100","n1_10",66,"f100_66_n1_10",1.8871387178203,1.68811761114193,2.10962347456788
"296","f100","n1_10_top",66,"f100_66_n1_10_top",1.00195262958192,0.753667333059434,1.33203208881413
"297","f100","maf1",71,"f100_71_maf1",1.84586866689193,1.65927838244196,2.05344152703235
"298","f100","maf1_top",71,"f100_71_maf1_top",0.445300018596892,0.357841522584081,0.55413386666384
"299","f100","n1_10",71,"f100_71_n1_10",1.91747140619522,1.69705530961372,2.16651547698416
"300","f100","n1_10_top",71,"f100_71_n1_10_top",0.962523579470147,0.756570265997423,1.22454143742305
"301","f100","maf1",76,"f100_76_maf1",1.92930003823397,1.72948923033489,2.15219532578925
"302","f100","maf1_top",76,"f100_76_maf1_top",0.536614280924368,0.429508997614593,0.670428065747681
"303","f100","n1_10",76,"f100_76_n1_10",2.04741228494424,1.81811008436637,2.30563435106929
"304","f100","n1_10_top",76,"f100_76_n1_10_top",1.21889487672006,0.959721861876933,1.54805759825958
"305","f100","maf1",81,"f100_81_maf1",2.04464279801754,1.83242735778098,2.28143514324494
"306","f100","maf1_top",81,"f100_81_maf1_top",0.768956109388947,0.620928793290782,0.952272635051862
"307","f100","n1_10",81,"f100_81_n1_10",2.09291260305175,1.87908823720964,2.33106837522296
"308","f100","n1_10_top",81,"f100_81_n1_10_top",1.41998421541512,1.14110425973832,1.76702098412155
"309","f100","maf1",86,"f100_86_maf1",2.14197602323361,1.91030675676362,2.40174059368382
"310","f100","maf1_top",86,"f100_86_maf1_top",0.973084233011074,0.8032534862312,1.17882205401622
"311","f100","n1_10",86,"f100_86_n1_10",2.206963779219,1.965191082105,2.4784811854364
"312","f100","n1_10_top",86,"f100_86_n1_10_top",1.66383342680233,1.32005603407027,2.09713951581954
"313","f100","maf1",91,"f100_91_maf1",2.4974598275413,2.22601785647847,2.80200159761968
"314","f100","maf1_top",91,"f100_91_maf1_top",1.98163973193402,1.63523023543502,2.40143310836891
"315","f100","n1_10",91,"f100_91_n1_10",2.53471857326738,2.26322379630104,2.83878167778511
"316","f100","n1_10_top",91,"f100_91_n1_10_top",3.76117206263377,3.07085215693314,4.6066741613718
"317","f100","maf1",96,"f100_96_maf1",2.79830133208953,2.43233221313731,3.21933422699441
"318","f100","maf1_top",96,"f100_96_maf1_top",3.47678535817352,2.72801694035913,4.43107088082029
"319","f100","n1_10",96,"f100_96_n1_10",3.18187872654835,2.69059133548367,3.76287253175183
"320","f100","n1_10_top",96,"f100_96_n1_10_top",4.08739509059889,3.20917533347967,5.20594760041887
"321","f100","maf1",97,"f100_97_maf1",2.81592209288001,2.4617086718418,3.22110301835072
"322","f100","maf1_top",97,"f100_97_maf1_top",4.15272500979165,3.40415139499641,5.06591012147603
"323","f100","n1_10",97,"f100_97_n1_10",3.11397578753152,2.6586189124816,3.64732424034453
"324","f100","n1_10_top",97,"f100_97_n1_10_top",4.72771746810176,3.65812469462665,6.11004662881667
"325","f100","maf1",98,"f100_98_maf1",2.93428700046774,2.55272503260964,3.37288195599821
"326","f100","maf1_top",98,"f100_98_maf1_top",5.54690227982423,4.47260601130711,6.8792388205299
"327","f100","n1_10",98,"f100_98_n1_10",3.59168516827621,3.05366912936418,4.2244925044323
"328","f100","n1_10_top",98,"f100_98_n1_10_top",7.04426134931008,5.52004592745622,8.98934874990266
"329","f100","maf1",99,"f100_99_maf1",3.16023371973513,2.74044394498274,3.64432820515651
"330","f100","maf1_top",99,"f100_99_maf1_top",7.69053809954725,6.24723293560261,9.46729165860416
"331","f100","n1_10",99,"f100_99_n1_10",4.91916761524492,4.2143529558328,5.74185652708164
"332","f100","n1_10_top",99,"f100_99_n1_10_top",11.3641344830644,8.72194298648428,14.8067411985262
"333","f100","maf1",100,"f100_100_maf1",3.05989421636125,2.6186325541427,3.57551218879822
"334","f100","maf1_top",100,"f100_100_maf1_top",9.03478823935409,7.18132888907485,11.3666147019325
"335","f100","n1_10",100,"f100_100_n1_10",7.97220478763027,6.72165058393469,9.45542294742593
"336","f100","n1_10_top",100,"f100_100_n1_10_top",26.5876415984063,20.4038797684426,34.6455033938509
